Tempo (s),Posicao X,Posicao Y
0.0,272,554
0.016683333333333335,265,554
0.03336666666666667,258,555
0.050050000000000004,251,555
0.06673333333333334,245,555
0.08341666666666667,238,555
0.10010000000000001,231,555
0.11678333333333334,225,555
0.13346666666666668,218,555
0.15015,212,555
0.16683333333333333,206,554
0.1835166666666667,200,554
0.20020000000000002,194,554
0.21688333333333334,188,554
0.23356666666666667,182,554
0.25025000000000003,177,553
0.26693333333333336,172,553
0.2836166666666667,168,552
0.3003,164,552
0.31698333333333334,160,551
0.33366666666666667,157,551
0.35035000000000005,153,551
0.3670333333333334,152,551
0.3837166666666667,149,550
0.40040000000000003,149,550
0.41708333333333336,146,550
0.4337666666666667,146,550
0.4504500000000001,146,550
0.46713333333333334,146,550
0.4838166666666667,146,550
0.5005000000000001,147,550
0.5171833333333333,149,550
0.5338666666666667,151,550
0.55055,153,551
0.5672333333333334,156,551
0.5839166666666666,159,552
0.6006,163,552
0.6172833333333334,167,553
0.6339666666666667,172,553
0.6506500000000001,177,553
0.6673333333333333,182,554
0.6840166666666667,187,554
0.7007000000000001,193,554
0.7173833333333334,199,554
0.7340666666666668,205,554
0.75075,211,554
0.7674333333333334,218,554
0.7841166666666667,224,554
0.8008000000000001,231,554
0.8174833333333333,238,554
0.8341666666666667,245,554
0.85085,251,554
0.8675333333333334,259,554
0.8842166666666668,265,553
0.9009000000000001,272,552
0.9175833333333334,279,551
0.9342666666666667,269,560
0.9509500000000001,275,560
0.9676333333333333,282,559
0.9843166666666667,288,559
1.0010000000000001,294,558
1.0176833333333333,300,557
1.0343666666666667,305,556
1.05105,310,556
1.0677333333333334,315,555
1.0844166666666668,319,555
1.1011,323,554
1.1177833333333334,326,554
1.1344666666666667,329,554
1.1511500000000001,332,553
1.1678333333333333,334,553
1.1845166666666667,336,553
1.2012,337,553
1.2178833333333334,338,553
1.2345666666666668,339,553
1.25125,339,553
1.2679333333333334,339,553
1.2846166666666667,338,553
1.3013000000000001,337,554
1.3179833333333335,335,554
1.3346666666666667,333,554
1.35135,330,555
1.3680333333333334,327,556
1.3847166666666668,324,556
1.4014000000000002,320,556
1.4848166666666667,297,560
1.55155,273,562
1.6182833333333335,246,563
1.6850166666666668,237,555
1.7517500000000001,212,555
1.7684333333333335,206,554
1.7851166666666667,200,554
1.8018000000000003,195,555
1.8184833333333335,190,554
1.8351666666666668,185,554
1.85185,181,554
1.8685333333333334,177,553
1.8852166666666668,174,553
1.9019000000000001,171,553
1.9185833333333335,168,553
1.9352666666666667,166,553
1.95195,164,553
1.9686333333333335,163,552
1.9853166666666668,162,552
2.0020000000000002,162,552
2.0186833333333336,162,552
2.0353666666666665,163,552
2.05205,164,552
2.0687333333333333,165,552
2.0854166666666667,168,552
2.1021,170,552
2.1187833333333335,173,553
2.135466666666667,177,553
2.1521500000000002,180,553
2.1688333333333336,184,553
2.1855166666666666,188,554
2.2022,193,554
2.2188833333333333,198,554
2.2355666666666667,203,554
2.25225,209,555
2.2689333333333335,214,555
2.285616666666667,220,555
2.3023000000000002,227,555
2.3189833333333336,233,555
2.3356666666666666,222,562
2.35235,229,561
2.3690333333333333,235,561
2.3857166666666667,242,560
2.4024,249,559
2.4190833333333335,255,559
2.435766666666667,262,560
2.4524500000000002,268,558
2.4691333333333336,274,557
2.485816666666667,281,557
2.5025,287,556
2.5191833333333333,293,556
2.5358666666666667,298,555
2.55255,302,554
2.5692333333333335,308,553
2.585916666666667,313,553
2.6026000000000002,318,553
2.6192833333333336,321,551
2.635966666666667,327,552
2.65265,332,552
2.6693333333333333,334,553
2.6860166666666667,338,550
2.7027,339,552
2.7193833333333335,341,552
2.736066666666667,344,552
2.7527500000000003,345,551
2.7694333333333336,345,552
2.7861166666666675,346,552
2.8028000000000004,345,552
2.8194833333333333,345,552
2.8361666666666667,344,552
2.85285,343,553
2.8695333333333335,340,553
2.886216666666667,338,553
2.9029000000000003,336,554
2.9195833333333336,333,554
2.936266666666667,329,554
2.95295,325,555
2.9696333333333333,320,556
2.9863166666666667,315,557
3.003,310,557
3.0196833333333335,305,557
3.036366666666667,300,558
3.0697333333333336,287,559
3.086416666666667,297,550
3.1031,274,559
3.1197833333333334,284,551
3.1364666666666667,278,552
3.15315,271,552
3.1698333333333335,264,552
3.186516666666667,258,552
3.2032000000000003,251,553
3.2198833333333337,244,553
3.236566666666667,237,553
3.25325,231,553
3.2699333333333334,224,553
3.2866166666666667,218,553
3.3033,212,553
3.3199833333333335,206,552
3.336666666666667,201,552
3.3533500000000003,196,552
3.3700333333333337,191,552
3.386716666666667,186,551
3.4034,182,551
3.4200833333333334,178,551
3.4367666666666667,175,550
3.45345,173,550
3.4701333333333335,170,550
3.486816666666667,168,549
3.5035000000000003,166,549
3.5201833333333337,165,549
3.536866666666667,164,548
3.55355,164,549
3.5702333333333334,164,549
3.5869166666666668,164,548
3.6036000000000006,165,548
3.6202833333333335,167,548
3.636966666666667,169,549
3.6536500000000003,171,549
3.6703333333333337,173,549
3.687016666666667,176,549
3.7037,179,549
3.7203833333333334,183,550
3.7370666666666668,187,550
3.75375,192,550
3.7704333333333335,195,551
3.787116666666667,201,551
3.8038000000000003,206,551
3.8204833333333337,212,552
3.837166666666667,217,552
3.85385,223,552
3.8705333333333334,229,552
3.8872166666666668,236,552
3.9039,242,552
3.9205833333333335,248,552
3.937266666666667,255,551
3.9539500000000003,261,552
3.9706333333333337,267,551
3.987316666666667,274,551
4.0040000000000004,280,550
4.020683333333333,286,550
4.037366666666667,292,550
4.05405,298,550
4.070733333333333,304,549
4.087416666666667,310,549
4.1041,316,548
4.120783333333334,321,547
4.137466666666667,325,547
4.1541500000000005,330,546
4.170833333333333,334,545
4.187516666666667,337,545
4.2042,341,544
4.220883333333333,344,544
4.237566666666667,346,544
4.25425,348,543
4.270933333333334,350,543
4.287616666666667,352,542
4.3043000000000005,352,542
4.320983333333333,353,542
4.337666666666667,353,542
4.35435,353,541
4.371033333333333,351,542
4.387716666666667,350,543
4.4044,348,543
4.421083333333334,346,543
4.437766666666667,343,544
4.4544500000000005,340,545
4.471133333333333,337,546
4.487816666666667,333,546
4.5045,328,547
4.521183333333333,323,547
4.537866666666667,319,549
4.55455,314,549
4.571233333333334,308,550
4.587916666666667,302,550
4.6046000000000005,296,551
4.621283333333333,290,552
4.637966666666667,284,552
4.65465,277,553
4.671333333333333,271,553
4.688016666666667,264,554
4.7047,257,553
4.721383333333334,250,554
4.738066666666667,243,554
4.7547500000000005,237,555
4.771433333333333,230,554
4.788116666666666,223,554
4.8048,216,554
4.821483333333334,211,554
4.838166666666667,204,554
4.85485,198,554
4.871533333333334,192,554
4.888216666666667,187,553
4.9049000000000005,181,553
4.921583333333333,176,553
4.938266666666667,172,553
4.95495,168,552
4.971633333333334,164,552
4.988316666666667,161,551
5.005,157,551
5.021683333333334,155,551
5.038366666666667,152,551
5.0550500000000005,150,551
5.071733333333333,149,551
5.088416666666667,148,550
5.1051,147,550
5.121783333333334,147,550
5.138466666666667,147,550
5.15515,148,550
5.171833333333334,149,550
5.188516666666667,151,551
5.2052000000000005,153,551
5.221883333333333,155,551
5.238566666666667,158,552
5.25525,161,552
5.271933333333334,164,552
5.288616666666667,168,553
5.3053,172,553
5.321983333333334,177,554
5.338666666666667,181,554
5.3553500000000005,186,555
5.372033333333333,191,555
5.388716666666667,197,555
5.4054,203,555
5.422083333333334,208,556
5.438766666666667,214,556
5.45545,220,556
5.472133333333334,225,556
5.488816666666667,232,556
5.5055000000000005,238,556
5.522183333333333,244,556
5.538866666666667,250,556
5.55555,256,556
5.572233333333335,262,556
5.588916666666667,267,555
5.605600000000001,273,555
5.622283333333334,278,554
5.638966666666667,283,554
5.6556500000000005,288,553
5.6723333333333334,293,553
5.689016666666667,297,552
5.7057,301,552
5.722383333333334,305,552
5.739066666666667,308,552
5.75575,311,551
5.772433333333334,314,551
5.789116666666667,316,552
5.8058000000000005,318,551
5.8224833333333335,320,551
5.839166666666667,321,551
5.85585,322,551
5.872533333333334,322,550
5.889216666666667,322,551
5.9059,322,551
5.922583333333334,321,551
5.939266666666667,320,551
5.9559500000000005,318,551
5.9726333333333335,316,552
5.989316666666667,313,553
6.006,311,553
6.022683333333334,307,554
6.039366666666667,304,555
6.05605,300,555
6.072733333333334,296,556
6.089416666666667,291,557
6.1061000000000005,286,558
6.1227833333333335,281,558
6.139466666666667,276,559
6.15615,270,560
6.172833333333334,265,560
6.189516666666667,259,561
6.2062,252,562
6.222883333333334,246,562
6.239566666666667,240,562
6.2562500000000005,233,563
6.2729333333333335,227,564
6.289616666666667,221,563
6.3063,214,564
6.322983333333334,208,564
6.339666666666667,202,564
6.35635,195,564
6.373033333333334,210,572
6.389716666666667,204,572
6.4064000000000005,198,572
6.423083333333333,193,572
6.439766666666667,187,572
6.45645,182,572
6.473133333333334,178,572
6.489816666666667,173,572
6.5065,169,572
6.523183333333334,165,572
6.539866666666667,162,572
6.5565500000000005,160,572
6.5732333333333335,157,572
6.589916666666667,155,572
6.6066,153,572
6.623283333333334,152,572
6.639966666666667,151,572
6.65665,151,572
6.673333333333334,151,572
6.690016666666667,152,573
6.7067000000000005,153,573
6.7233833333333335,155,574
6.740066666666667,157,574
6.75675,159,575
6.773433333333334,162,575
6.790116666666667,165,576
6.8068,169,577
6.823483333333334,173,577
6.840166666666667,177,578
6.8568500000000006,182,579
6.8735333333333335,186,581
6.890216666666667,192,581
6.9069,198,582
6.923583333333334,204,583
6.940266666666667,210,584
6.95695,216,585
6.973633333333334,222,586
6.990316666666667,228,587
7.007000000000001,235,588
7.0236833333333335,242,589
7.040366666666667,248,589
7.05705,255,590
7.073733333333334,261,591
7.090416666666667,267,592
7.1071,274,593
7.123783333333334,280,593
7.140466666666667,286,593
7.157150000000001,292,594
7.1738333333333335,298,594
7.190516666666667,303,594
7.207200000000001,309,594
7.223883333333334,314,594
7.240566666666667,319,595
7.25725,323,595
7.273933333333334,327,595
7.290616666666667,331,595
7.307300000000001,334,595
7.3239833333333335,338,595
7.340666666666667,340,595
7.35735,343,595
7.374033333333334,345,596
7.390716666666667,347,596
7.4074,348,597
7.424083333333334,349,597
7.440766666666667,349,597
7.457450000000001,350,597
7.4741333333333335,349,598
7.490816666666667,349,599
7.5075,347,599
7.524183333333334,346,599
7.540866666666667,343,601
7.55755,341,601
7.574233333333334,338,602
7.590916666666667,335,602
7.607600000000001,331,603
7.6242833333333335,327,604
7.640966666666667,323,605
7.65765,318,605
7.674333333333334,313,606
7.691016666666667,308,606
7.7077,303,607
7.724383333333334,297,608
7.741066666666667,292,608
7.757750000000001,286,608
7.7744333333333335,280,609
7.791116666666667,273,609
7.8078,267,610
7.824483333333334,261,611
7.841166666666667,255,611
7.85785,248,611
7.874533333333334,242,611
7.891216666666667,236,611
7.907900000000001,230,611
7.9245833333333335,224,611
7.941266666666667,218,611
7.95795,213,610
7.974633333333334,208,610
7.991316666666668,203,610
8.008000000000001,198,609
8.024683333333334,193,609
8.041366666666667,189,609
8.05805,185,608
8.074733333333334,182,608
8.091416666666667,179,607
8.1081,177,607
8.124783333333333,174,607
8.141466666666666,172,607
8.158150000000001,170,607
8.174833333333334,169,607
8.191516666666667,168,606
8.2082,168,607
8.224883333333334,168,606
8.241566666666667,168,606
8.25825,169,606
8.274933333333333,170,607
8.291616666666666,171,607
8.308300000000001,173,607
8.324983333333334,175,608
8.341666666666667,178,608
8.35835,181,608
8.375033333333334,184,609
8.391716666666667,187,609
8.4084,192,610
8.425083333333333,196,610
8.441766666666666,200,611
8.458450000000001,204,611
8.475133333333334,209,612
8.491816666666667,215,612
8.5085,220,612
8.525183333333334,225,612
8.541866666666667,231,612
8.55855,236,613
8.575233333333333,242,613
8.591916666666666,248,613
8.608600000000001,254,613
8.625283333333334,259,613
8.641966666666667,265,612
8.65865,271,612
8.675333333333334,277,612
8.692016666666667,282,612
8.7087,287,612
8.725383333333333,293,611
8.742066666666666,297,611
8.758750000000003,303,610
8.775433333333334,307,610
8.792116666666667,312,609
8.8088,316,609
8.825483333333334,320,609
8.842166666666667,323,608
8.85885,326,608
8.875533333333333,329,607
8.892216666666666,331,607
8.908900000000001,333,606
8.925583333333334,335,606
8.942266666666667,336,606
8.95895,337,605
8.975633333333334,337,605
8.992316666666667,337,605
9.009,337,605
9.025683333333333,336,605
9.042366666666666,349,602
9.059050000000001,348,603
9.075733333333334,346,603
9.092416666666667,345,603
9.1091,342,603
9.125783333333334,340,604
9.142466666666667,336,604
9.15915,332,604
9.175833333333333,328,604
9.192516666666666,324,605
9.209200000000001,320,605
9.225883333333334,315,605
9.242566666666667,310,606
9.25925,304,606
9.275933333333334,299,606
9.292616666666667,293,606
9.3093,287,607
9.325983333333333,281,607
9.342666666666666,275,607
9.359350000000001,269,607
9.376033333333334,263,606
9.392716666666667,257,606
9.4094,251,606
9.426083333333334,245,606
9.442766666666667,238,605
9.45945,232,605
9.476133333333333,227,605
9.492816666666666,221,604
9.509500000000001,216,603
9.526183333333334,210,603
9.542866666666667,205,603
9.55955,201,602
9.576233333333333,196,601
9.592916666666667,192,601
9.6096,188,600
9.626283333333333,185,599
9.642966666666668,181,599
9.659650000000001,178,598
9.676333333333334,176,597
9.693016666666667,174,597
9.7097,172,596
9.726383333333334,170,596
9.743066666666667,169,595
9.75975,169,594
9.776433333333333,168,594
9.793116666666666,168,594
9.809800000000001,169,594
9.826483333333334,170,593
9.843166666666667,171,593
9.85985,173,593
9.876533333333334,175,594
9.893216666666667,178,594
9.9099,181,594
9.926583333333333,184,595
9.943266666666668,188,595
9.959950000000001,191,595
9.976633333333334,196,595
9.993316666666667,200,595
10.01,205,595
10.026683333333335,210,596
10.043366666666667,215,596
10.06005,220,596
10.076733333333333,225,596
10.093416666666668,230,596
10.110100000000001,236,597
10.126783333333334,242,597
10.143466666666667,248,596
10.16015,253,596
10.176833333333335,260,596
10.193516666666667,266,596
10.2102,271,596
10.226883333333333,277,595
10.243566666666668,283,596
10.260250000000001,288,595
10.276933333333334,293,594
10.293616666666667,299,594
10.3103,303,595
10.326983333333335,308,594
10.343666666666667,313,594
10.36035,316,592
10.377033333333333,320,593
10.393716666666666,324,593
10.410400000000001,327,593
10.427083333333334,329,592
10.443766666666667,332,592
10.460449999999998,334,591
10.477133333333335,335,590
10.493816666666667,336,589
10.5105,337,590
10.527183333333333,338,588
10.543866666666668,338,589
10.560550000000001,337,588
10.577233333333334,336,589
10.593916666666667,336,588
10.6106,335,588
10.627283333333335,333,588
10.643966666666667,331,588
10.66065,328,589
10.677333333333333,325,589
10.694016666666668,322,589
10.710700000000001,318,591
10.727383333333334,314,590
10.744066666666667,310,590
10.76075,304,590
10.777433333333335,300,590
10.794116666666667,295,591
10.8108,291,591
10.827483333333333,285,591
10.844166666666668,281,593
10.860850000000001,275,591
10.877533333333334,269,593
10.894216666666667,262,591
10.9109,258,593
10.927583333333335,252,593
10.944266666666667,245,593
10.96095,239,592
10.977633333333333,234,592
10.994316666666668,242,592
11.011000000000001,236,592
11.027683333333334,230,591
11.044366666666667,225,591
11.06105,219,590
11.077733333333335,214,590
11.094416666666667,210,590
11.1111,205,590
11.127783333333333,200,589
11.14446666666667,196,588
11.161150000000001,192,588
11.177833333333334,189,587
11.194516666666667,186,587
11.211200000000002,183,586
11.227883333333335,181,586
11.244566666666667,178,586
11.26125,177,585
11.277933333333333,175,584
11.294616666666668,179,584
11.311300000000001,174,585
11.327983333333334,174,584
11.344666666666667,174,585
11.36135,175,584
11.378033333333335,176,585
11.394716666666667,178,585
11.4114,179,585
11.428083333333333,185,585
11.444766666666668,184,585
11.461450000000001,187,586
11.478133333333334,194,586
11.494816666666667,198,586
11.5115,197,587
11.528183333333335,202,587
11.544866666666667,206,587
11.56155,214,587
11.578233333333333,219,588
11.594916666666668,224,588
11.611600000000001,229,588
11.628283333333334,234,589
11.644966666666667,240,589
11.66165,245,589
11.678333333333335,251,589
11.695016666666668,257,589
11.7117,262,589
11.728383333333333,268,589
11.745066666666668,274,589
11.761750000000001,279,589
11.778433333333334,285,589
11.795116666666667,290,588
11.8118,295,588
11.828483333333335,301,587
11.845166666666668,306,588
11.86185,311,587
11.878533333333333,315,586
11.895216666666668,319,586
11.911900000000001,323,585
11.928583333333334,327,585
11.945266666666667,330,585
11.96195,333,584
11.978633333333335,336,584
11.995316666666668,338,584
12.012,340,583
12.028683333333335,342,583
12.045366666666668,344,583
12.062050000000001,344,582
12.078733333333334,345,582
12.095416666666667,345,582
12.1121,345,582
12.128783333333335,344,582
12.145466666666668,343,583
12.16215,342,583
12.178833333333333,340,583
12.195516666666668,338,584
12.212200000000001,335,584
12.228883333333334,332,585
12.245566666666667,329,585
12.26225,325,586
12.278933333333335,322,587
12.295616666666668,317,587
12.3123,313,588
12.328983333333333,308,588
12.345666666666668,303,589
12.362350000000001,298,588
12.379033333333334,293,589
12.395716666666667,288,590
12.4124,282,590
12.429083333333335,276,590
12.445766666666668,271,591
12.46245,265,591
12.479133333333333,259,591
12.495816666666668,253,591
12.512500000000001,247,591
12.529183333333334,241,591
12.545866666666667,235,591
12.56255,229,591
12.579233333333335,224,591
12.595916666666668,219,591
12.6126,214,591
12.629283333333333,208,591
12.645966666666668,207,591
12.662650000000001,199,590
12.679333333333334,198,590
12.696016666666667,191,589
12.7127,191,589
12.729383333333335,187,589
12.746066666666668,185,589
12.76275,178,588
12.779433333333333,179,588
12.796116666666668,177,588
12.812800000000001,175,587
12.829483333333334,171,587
12.846166666666665,173,587
12.86285,172,587
12.879533333333335,172,587
12.896216666666668,172,587
12.9129,173,587
12.929583333333333,174,587
12.946266666666668,175,587
12.962950000000001,177,587
12.979633333333334,180,588
12.996316666666667,182,588
13.013,185,589
13.029683333333335,187,589
13.046366666666668,191,589
13.06305,192,590
13.079733333333333,199,590
13.096416666666668,200,590
13.113100000000001,208,591
13.129783333333334,209,592
13.146466666666667,215,592
13.16315,220,592
13.179833333333335,225,592
13.196516666666668,230,593
13.2132,236,593
13.229883333333333,241,593
13.246566666666668,248,593
13.263250000000001,253,593
13.279933333333334,259,593
13.296616666666667,264,593
13.3133,270,593
13.329983333333335,275,593
13.346666666666668,281,593
13.36335,285,593
13.380033333333333,290,592
13.396716666666668,295,592
13.413400000000001,300,592
13.430083333333334,304,591
13.446766666666667,308,591
13.46345,312,591
13.480133333333335,316,591
13.496816666666668,319,590
13.5135,322,590
13.530183333333333,325,589
13.546866666666668,328,589
13.563550000000001,329,589
13.580233333333334,331,589
13.596916666666669,332,589
13.6136,333,589
13.630283333333335,333,589
13.646966666666668,334,589
13.66365,333,590
13.680333333333333,333,590
13.697016666666668,331,590
13.713700000000001,331,590
13.730383333333334,329,590
13.747066666666667,327,591
13.76375,324,591
13.780433333333335,321,592
13.797116666666668,319,592
13.8138,315,593
13.830483333333333,311,593
13.847166666666668,308,593
13.863850000000001,306,594
13.880533333333334,302,595
13.897216666666667,296,595
13.9139,292,595
13.930583333333335,287,596
13.947266666666668,282,596
13.96395,276,597
13.980633333333333,270,597
13.997316666666668,265,597
14.014000000000001,259,597
14.030683333333334,252,598
14.047366666666667,247,598
14.06405,241,598
14.080733333333335,236,598
14.097416666666668,230,598
14.1141,225,598
14.130783333333333,219,598
14.147466666666668,214,598
14.164150000000001,209,598
14.180833333333334,204,597
14.197516666666667,200,597
14.2142,196,596
14.230883333333335,192,596
14.247566666666668,188,596
14.26425,185,596
14.280933333333333,182,595
14.297616666666668,178,595
14.314300000000001,176,595
14.330983333333334,174,595
14.347666666666667,172,595
14.36435,171,595
14.381033333333335,170,595
14.397716666666668,170,595
14.414400000000002,170,595
14.431083333333333,169,595
14.447766666666668,170,595
14.464450000000001,171,595
14.481133333333334,172,595
14.497816666666667,174,596
14.531183333333335,178,596
14.56455,184,597
14.597916666666668,190,597
14.681333333333335,211,599
14.698016666666668,216,600
14.7147,221,600
14.731383333333333,226,600
14.748066666666668,231,601
14.764750000000001,237,601
14.781433333333334,242,601
14.798116666666667,248,601
14.8148,253,601
14.831483333333335,259,601
14.848166666666668,264,601
14.86485,269,601
14.881533333333334,275,600
14.898216666666668,280,600
14.914900000000001,286,600
14.931583333333334,290,600
14.948266666666667,295,600
14.96495,299,600
14.981633333333335,304,599
14.998316666666668,308,599
15.015,312,599
15.031683333333334,316,598
15.048366666666668,319,598
15.065050000000001,322,598
15.081733333333334,325,597
15.098416666666667,327,597
15.1151,329,597
15.131783333333335,331,597
15.148466666666668,333,597
15.16515,334,597
15.181833333333334,334,597
15.198516666666668,335,597
15.215200000000001,335,597
15.231883333333332,334,597
15.248566666666667,333,597
15.26525,332,597
15.281933333333335,331,597
15.298616666666668,328,598
15.3153,326,598
15.331983333333334,323,598
15.348666666666668,321,599
15.365350000000001,317,599
15.382033333333334,313,600
15.398716666666667,309,600
15.4154,305,601
15.432083333333335,301,601
15.498816666666668,281,603
15.965950000000001,173,599
15.982633333333336,173,599
15.999316666666667,173,599
16.016000000000002,174,599
16.032683333333335,175,599
16.049366666666668,177,599
16.06605,179,599
16.082733333333334,181,600
16.099416666666666,183,599
16.1161,186,600
16.132783333333332,189,601
16.14946666666667,192,601
16.166150000000002,196,601
16.182833333333335,200,601
16.199516666666668,204,601
16.2162,209,602
16.232883333333334,213,602
16.249566666666666,218,602
16.26625,223,602
16.282933333333332,228,602
16.29961666666667,233,602
16.316300000000002,239,602
16.332983333333335,244,603
16.349666666666668,249,602
16.36635,254,602
16.383033333333334,260,602
16.399716666666666,265,602
16.4164,271,602
16.433083333333332,276,602
16.44976666666667,281,601
16.466450000000002,286,601
16.483133333333335,291,601
16.499816666666668,295,600
16.5165,301,599
16.533183333333334,305,599
16.549866666666667,309,599
16.56655,313,598
16.583233333333332,317,598
16.59991666666667,321,597
16.616600000000002,324,596
16.633283333333335,326,596
16.649966666666668,330,595
16.66665,332,594
16.683333333333334,333,594
16.700016666666667,335,594
16.7167,336,593
16.733383333333332,336,593
16.75006666666667,337,592
16.76675,337,592
16.783433333333335,336,592
16.800116666666668,335,592
16.8168,334,592
16.833483333333334,332,592
16.850166666666667,331,592
16.86685,328,592
16.883533333333332,326,593
16.90021666666667,323,593
16.916900000000002,319,593
16.96695,308,594
17.300616666666667,209,594
17.3173,205,594
17.333983333333332,201,594
17.35066666666667,198,593
17.367350000000002,194,593
17.384033333333335,191,592
17.400716666666668,188,593
17.4174,186,592
17.434083333333334,184,592
17.450766666666667,183,592
17.46745,181,592
17.484133333333332,180,591
17.50081666666667,180,591
17.517500000000005,180,591
17.534183333333335,180,591
17.550866666666668,180,591
17.56755,181,591
17.584233333333334,182,591
17.600916666666667,184,591
17.6176,186,592
17.634283333333332,188,591
17.65096666666667,191,592
17.667650000000002,193,592
17.684333333333335,196,592
17.701016666666668,200,592
17.7177,203,592
17.734383333333334,207,593
17.751066666666667,211,593
17.76775,215,593
17.784433333333332,220,593
17.80111666666667,225,594
17.817800000000002,230,593
17.834483333333335,235,594
17.851166666666668,240,594
17.86785,246,594
17.884533333333334,251,593
17.901216666666667,257,593
17.9179,262,593
17.934583333333332,258,593
17.95126666666667,264,593
17.967950000000002,269,592
17.984633333333335,274,592
18.001316666666668,280,592
18.018,285,592
18.034683333333334,290,591
18.051366666666667,294,591
18.06805,299,591
18.084733333333332,304,590
18.10141666666667,312,590
18.118100000000002,312,589
18.134783333333335,316,589
18.151466666666668,319,588
18.16815,326,588
18.184833333333334,329,588
18.201516666666667,332,587
18.2182,334,587
18.234883333333332,336,586
18.25156666666667,337,586
18.268250000000002,338,586
18.284933333333335,339,586
18.301616666666668,340,586
18.3183,340,586
18.334983333333334,339,585
18.351666666666667,338,586
18.36835,337,586
18.385033333333332,336,586
18.401716666666665,334,586
18.418400000000002,327,587
18.435083333333335,329,587
18.451766666666668,326,587
18.46845,323,588
18.485133333333334,320,588
18.501816666666667,316,588
18.5185,310,589
18.53518333333333,309,590
18.55186666666667,301,590
18.568550000000002,300,590
18.585233333333335,291,590
18.601916666666668,287,590
18.6186,281,591
18.635283333333334,280,591
18.651966666666667,271,591
18.66865,266,591
18.685333333333332,260,591
18.70201666666667,256,592
18.718700000000002,250,591
18.735383333333335,245,591
18.752066666666668,240,591
18.76875,235,591
18.785433333333334,230,591
18.802116666666667,225,591
18.8188,220,591
18.835483333333332,216,590
18.85216666666667,212,590
18.868850000000002,208,589
18.885533333333335,204,589
18.902216666666668,201,589
18.9189,197,588
18.935583333333334,195,588
18.952266666666667,192,588
18.96895,190,587
18.985633333333332,188,587
19.00231666666667,186,586
19.019000000000002,185,586
19.035683333333335,185,587
19.052366666666668,184,587
19.06905,184,587
19.085733333333334,184,587
19.102416666666667,185,587
19.1191,185,586
19.135783333333332,187,586
19.152466666666665,188,587
19.169150000000002,190,587
19.185833333333335,192,587
19.202516666666668,195,587
19.2192,197,587
19.235883333333334,201,587
19.252566666666667,204,588
19.26925,208,588
19.285933333333336,212,588
19.30261666666667,216,588
19.319300000000002,220,589
19.335983333333335,225,589
19.352666666666668,230,589
19.36935,235,589
19.386033333333334,240,590
19.402716666666667,232,589
19.4194,251,590
19.436083333333332,242,590
19.45276666666667,247,590
19.469450000000002,253,590
19.486133333333335,258,590
19.502816666666668,263,590
19.5195,269,590
19.536183333333334,274,588
19.552866666666667,279,589
19.56955,283,588
19.586233333333332,288,589
19.60291666666667,292,587
19.619600000000002,296,587
19.636283333333335,300,587
19.652966666666668,304,587
19.66965,308,587
19.686333333333334,312,586
19.703016666666667,314,586
19.7197,317,585
19.736383333333336,320,585
19.75306666666667,322,585
19.769750000000002,324,585
19.786433333333335,326,585
19.803116666666668,327,584
19.8198,328,584
19.836483333333334,328,584
19.853166666666667,329,584
19.86985,328,584
19.886533333333336,328,584
19.903216666666673,327,584
19.919900000000002,326,584
19.936583333333335,324,585
19.953266666666668,323,585
19.96995,320,585
19.986633333333334,318,586
20.003316666666667,315,586
20.02,312,586
20.036683333333336,309,587
20.05336666666667,305,587
20.070050000000002,302,588
20.086733333333335,298,588
20.103416666666668,294,588
20.1201,290,589
20.136783333333334,285,589
20.153466666666667,281,590
20.17015,276,589
20.186833333333336,271,590
20.20351666666667,266,590
20.220200000000002,261,590
20.236883333333335,256,590
20.253566666666668,252,590
20.27025,247,590
20.286933333333334,242,590
20.303616666666667,237,590
20.3203,232,590
20.336983333333336,227,589
20.35366666666667,223,589
20.370350000000002,218,588
20.387033333333335,214,589
20.403716666666668,210,588
20.4204,206,588
20.437083333333334,203,587
20.453766666666667,199,587
20.47045,196,586
20.487133333333336,194,587
20.50381666666667,191,586
20.520500000000002,189,586
20.537183333333335,187,586
20.553866666666668,185,586
20.57055,184,586
20.587233333333334,183,586
20.603916666666667,183,585
20.6206,182,585
20.637283333333336,183,586
20.65396666666667,183,586
20.670650000000002,184,586
20.687333333333335,185,586
20.704016666666668,187,586
20.7207,188,586
20.737383333333334,190,587
20.754066666666667,193,587
20.77075,196,587
20.787433333333333,198,588
20.80411666666667,202,588
20.820800000000002,205,589
20.837483333333335,209,589
20.854166666666668,213,590
20.87085,217,590
20.887533333333334,221,590
20.904216666666667,226,590
20.920899999999996,230,591
20.937583333333336,236,591
20.95426666666667,241,591
20.970950000000002,246,591
20.987633333333335,251,592
21.004316666666668,256,591
21.021,261,591
21.037683333333334,266,591
21.054366666666667,271,593
21.07105,277,591
21.087733333333336,282,592
21.10441666666667,287,590
21.121100000000002,292,592
21.137783333333335,297,590
21.154466666666668,302,590
21.17115,306,589
21.187833333333334,310,590
21.204516666666667,314,588
21.2212,319,587
21.237883333333336,322,587
21.25456666666667,326,587
21.271250000000002,329,587
21.287933333333335,331,587
21.304616666666668,334,587
21.3213,336,587
21.337983333333334,338,586
21.354666666666667,339,586
21.37135,340,586
21.388033333333336,341,585
21.40471666666667,341,585
21.421400000000002,341,585
21.438083333333335,341,585
21.454766666666668,340,585
21.47145,339,585
21.488133333333334,337,587
21.504816666666667,336,586
21.5215,334,585
21.538183333333333,331,587
21.55486666666667,329,588
21.571550000000002,326,586
21.588233333333335,323,588
21.604916666666668,319,589
21.6216,316,589
21.638283333333334,312,588
21.654966666666667,308,590
21.671650000000003,303,589
21.688333333333336,299,590
21.70501666666667,295,589
21.721700000000002,290,591
21.738383333333335,285,591
21.755066666666668,280,591
21.77175,275,590
21.788433333333334,270,591
21.805116666666667,265,591
21.8218,260,591
21.838483333333336,256,590
21.85516666666667,251,591
21.871850000000002,246,590
21.888533333333335,242,591
21.905216666666668,238,589
21.9219,233,590
21.938583333333334,229,590
21.955266666666667,225,589
21.97195,222,589
21.988633333333336,218,589
22.00531666666667,215,588
22.022000000000002,212,588
22.038683333333335,209,588
22.055366666666668,207,587
22.07205,205,587
22.088733333333334,203,587
22.105416666666667,202,587
22.1221,200,587
22.138783333333336,200,587
22.15546666666667,199,587
22.172150000000002,199,587
22.188833333333335,198,587
22.205516666666668,199,587
22.2222,200,587
22.238883333333334,202,587
22.255566666666667,203,587
22.27225,204,588
22.28893333333334,206,588
22.30561666666667,209,588
22.322300000000002,211,588
22.338983333333335,214,588
22.355666666666668,218,589
22.37235,221,589
22.389033333333334,224,590
22.405716666666667,228,590
22.422400000000003,232,591
22.439083333333336,236,590
22.45576666666667,240,591
22.472450000000002,228,592
22.489133333333335,233,593
22.505816666666668,255,591
22.5225,242,593
22.539183333333334,247,593
22.555866666666667,252,593
22.57255,257,593
22.589233333333336,262,593
22.60591666666667,267,593
22.622600000000002,271,593
22.639283333333335,276,593
22.655966666666668,281,592
22.67265,285,592
22.689333333333334,290,592
22.706016666666667,294,591
22.7227,299,591
22.739383333333336,302,591
22.75606666666667,306,590
22.772750000000002,309,590
22.789433333333335,313,590
22.806116666666668,316,589
22.8228,319,589
22.839483333333334,321,588
22.856166666666667,323,588
22.87285,325,588
22.889533333333336,327,588
22.90621666666667,327,587
22.922900000000002,328,588
22.939583333333335,328,587
22.956266666666668,328,588
22.97295,328,587
22.989633333333334,328,588
23.006316666666667,327,588
23.023,326,588
23.039683333333336,324,588
23.05636666666667,322,588
23.073050000000002,319,589
23.089733333333335,317,589
23.106416666666668,314,589
23.1231,311,590
23.139783333333334,307,590
23.156466666666667,304,591
23.17315,299,590
23.189833333333336,296,591
23.20651666666667,292,592
23.223200000000002,287,592
23.239883333333335,283,592
23.256566666666668,278,593
23.27325,273,593
23.289933333333334,268,593
23.306616666666663,263,593
23.3233,258,594
23.339983333333336,253,594
23.35666666666667,248,594
23.373350000000002,243,594
23.390033333333335,238,594
23.406716666666668,233,594
23.4234,229,593
23.440083333333334,224,593
23.456766666666667,220,593
23.47345,216,593
23.490133333333336,211,593
23.50681666666667,207,592
23.523500000000002,204,592
23.540183333333335,200,592
23.556866666666668,197,592
23.57355,194,592
23.590233333333334,192,592
23.606916666666667,189,591
23.6236,187,591
23.640283333333336,185,591
23.65696666666667,183,591
23.673650000000002,182,591
23.690333333333335,181,591
23.707016666666668,181,590
23.7237,180,591
23.740383333333334,180,591
23.757066666666667,180,591
23.77375,181,591
23.790433333333336,181,592
23.80711666666667,183,592
23.823800000000002,184,592
23.840483333333335,186,593
23.857166666666668,189,593
23.87385,191,593
23.890533333333334,194,593
23.907216666666667,197,593
23.9239,200,594
23.940583333333336,203,594
23.95726666666667,207,594
23.973950000000002,211,595
23.990633333333335,215,595
24.007316666666668,219,596
24.024,223,596
24.040683333333334,228,596
24.05736666666667,232,596
24.07405,237,596
24.090733333333336,242,596
24.10741666666667,246,597
24.124100000000002,251,597
24.140783333333335,256,597
24.157466666666668,260,597
24.17415,266,597
24.190833333333334,270,597
24.207516666666667,275,597
24.2242,279,597
24.240883333333336,284,596
24.25756666666667,288,596
24.274250000000002,293,595
24.290933333333335,297,595
24.307616666666668,300,595
24.3243,304,595
24.340983333333334,307,594
24.357666666666667,310,594
24.37435,313,593
24.391033333333336,316,593
24.40771666666667,318,593
24.424400000000002,320,593
24.441083333333335,321,593
24.457766666666668,322,593
24.47445,323,593
24.491133333333334,324,593
24.507816666666667,324,592
24.5245,323,593
24.541183333333336,323,593
24.55786666666667,322,593
24.574550000000002,321,593
24.591233333333335,319,593
24.607916666666668,317,593
24.6246,315,593
24.641283333333334,313,594
24.657966666666667,310,594
24.67465,306,594
24.691333333333336,303,595
24.70801666666667,300,595
24.724700000000002,297,595
24.741383333333335,293,596
24.758066666666668,290,596
24.77475,284,596
24.791433333333334,281,597
24.80811666666667,276,597
24.8248,272,597
24.841483333333336,266,598
24.85816666666667,262,598
24.874850000000002,257,598
24.891533333333335,252,598
24.908216666666668,247,598
24.9249,243,598
24.941583333333334,238,598
24.958266666666667,233,597
24.97495,229,598
24.991633333333336,225,597
25.00831666666667,220,597
25.025000000000002,216,597
25.041683333333335,212,597
25.058366666666668,209,597
25.07505,205,597
25.091733333333334,202,597
25.108416666666667,198,596
25.1251,196,596
25.141783333333336,193,596
25.15846666666667,191,596
25.175150000000002,188,595
25.191833333333335,186,595
25.208516666666668,184,595
25.2252,183,595
25.241883333333334,182,595
25.258566666666667,180,595
25.27525,180,595
25.291933333333336,180,595
25.30861666666667,181,595
25.325300000000002,181,595
25.341983333333335,182,595
25.358666666666668,184,595
25.37535,186,595
25.392033333333334,187,596
25.408716666666667,190,596
25.4254,192,596
25.442083333333336,195,596
25.45876666666667,199,596
25.475450000000002,202,596
25.492133333333335,205,597
25.508816666666668,209,597
25.5255,213,598
25.542183333333334,217,598
25.558866666666667,221,598
25.57555,226,598
25.592233333333336,230,598
25.60891666666667,235,598
25.625600000000002,239,598
25.642283333333335,244,598
25.658966666666668,249,599
25.67565,254,598
25.69233333333333,258,598
25.709016666666667,263,598
25.7257,268,598
25.742383333333336,273,598
25.75906666666667,277,598
25.775750000000002,282,598
25.792433333333335,286,598
25.809116666666668,291,597
25.8258,295,597
25.842483333333334,298,596
25.859166666666667,302,596
25.87585,305,596
25.892533333333336,308,596
25.90921666666667,311,595
25.925900000000002,314,595
25.942583333333335,316,594
25.959266666666668,318,594
25.97595,320,593
25.992633333333334,321,593
26.009316666666667,322,593
26.026,323,593
26.042683333333336,324,593
26.05936666666667,324,593
26.076050000000002,324,593
26.092733333333335,323,593
26.109416666666668,322,593
26.1261,321,594
26.142783333333334,320,594
26.159466666666667,318,594
26.17615,316,594
26.192833333333336,314,595
26.20951666666667,311,595
26.226200000000002,308,595
26.242883333333335,305,595
26.259566666666668,301,596
26.27625,298,597
26.292933333333334,294,597
26.309616666666667,290,597
26.3263,286,597
26.342983333333336,281,598
26.35966666666667,277,598
26.376350000000002,272,598
26.393033333333335,268,599
26.409716666666668,263,599
26.4264,258,599
26.443083333333337,254,599
26.459766666666667,249,599
26.47645,244,599
26.493133333333336,239,599
26.50981666666667,235,599
26.526500000000002,231,599
26.543183333333335,226,599
26.559866666666668,223,599
26.57655,218,599
26.593233333333334,215,599
26.609916666666667,210,598
26.6266,207,598
26.643283333333336,203,598
26.65996666666667,200,597
26.676650000000002,197,597
26.693333333333335,194,597
26.710016666666668,192,596
26.7267,190,596
26.743383333333334,188,596
26.760066666666667,186,596
26.77675,185,595
26.793433333333336,184,595
26.81011666666667,184,595
26.826800000000002,183,595
26.843483333333335,184,596
26.860166666666668,184,596
26.87685,185,596
26.893533333333334,186,596
26.910216666666667,187,596
26.9269,189,596
26.943583333333336,191,596
26.96026666666667,193,596
26.976950000000002,196,596
26.993633333333335,198,597
27.010316666666668,201,597
27.027,205,597
27.043683333333334,208,597
27.060366666666667,212,598
27.07705,216,597
27.093733333333336,220,598
27.11041666666667,224,598
27.127100000000002,229,598
27.143783333333335,234,598
27.160466666666668,238,598
27.17715,243,598
27.193833333333338,248,598
27.210516666666667,253,598
27.2272,257,598
27.243883333333336,262,598
27.26056666666667,267,598
27.277250000000002,272,597
27.293933333333335,277,597
27.310616666666668,281,597
27.3273,286,597
27.343983333333334,290,596
27.360666666666667,294,596
27.37735,298,596
27.394033333333336,302,595
27.41071666666667,306,595
27.427400000000002,309,595
27.444083333333335,312,594
27.460766666666668,315,594
27.47745,317,593
27.494133333333334,319,593
27.510816666666667,321,593
27.5275,323,593
27.544183333333336,324,593
27.56086666666667,325,593
27.577550000000002,326,592
27.594233333333335,326,592
27.610916666666668,327,592
27.6276,326,592
27.644283333333334,326,592
27.660966666666667,325,592
27.67765,324,592
27.694333333333336,322,592
27.71101666666667,320,592
27.727700000000002,318,593
27.744383333333335,316,593
27.761066666666668,314,593
27.77775,311,593
27.794433333333334,308,593
27.811116666666667,304,593
27.8278,301,593
27.844483333333336,297,594
27.86116666666667,293,594
27.877850000000002,288,594
27.894533333333335,284,595
27.911216666666668,280,595
27.9279,275,595
27.944583333333334,271,596
27.961266666666667,266,596
27.97795,262,596
27.994633333333336,257,596
28.01131666666667,253,596
28.028000000000002,248,596
28.044683333333335,243,596
28.061366666666668,239,596
28.078049999999998,234,596
28.094733333333334,230,596
28.111416666666667,226,596
28.1281,222,596
28.144783333333336,218,596
28.16146666666667,214,596
28.178150000000002,210,595
28.194833333333335,207,595
28.211516666666668,204,595
28.2282,202,595
28.244883333333334,200,595
28.261566666666667,198,595
28.27825,196,595
28.294933333333336,194,595
28.31161666666667,193,595
28.328300000000002,191,595
28.344983333333335,191,595
28.361666666666668,190,595
28.37835,190,595
28.395033333333334,190,595
28.411716666666667,191,595
28.4284,191,595
28.445083333333336,192,595
28.46176666666667,194,595
28.478450000000002,195,595
28.495133333333335,197,596
28.511816666666668,200,596
28.5285,202,596
28.545183333333334,205,597
28.561866666666667,208,597
28.57855,211,597
28.595233333333336,215,597
28.61191666666667,218,598
28.628600000000002,222,598
28.645283333333335,226,598
28.661966666666668,230,599
28.67865,234,599
28.695333333333334,239,599
28.712016666666667,244,599
28.7287,248,599
28.745383333333336,253,599
28.76206666666667,258,599
28.778750000000002,262,598
28.795433333333335,267,599
28.812116666666668,272,598
28.828800000000005,276,598
28.845483333333334,281,598
28.862166666666667,285,598
28.87885,290,598
28.895533333333336,294,597
28.91221666666667,298,597
28.928900000000002,302,597
28.945583333333335,305,596
28.962266666666668,309,596
28.97895,312,595
28.995633333333334,315,595
29.012316666666667,317,594
29.029,319,595
29.045683333333336,321,594
29.06236666666667,323,594
29.079050000000002,325,594
29.095733333333335,326,594
29.112416666666668,327,594
29.1291,327,594
29.145783333333334,327,594
29.162466666666667,327,594
29.17915,327,594
29.195833333333336,326,594
29.21251666666667,325,594
29.229200000000002,324,594
29.245883333333335,322,594
29.262566666666668,320,595
29.27925,318,595
29.295933333333334,315,595
29.312616666666667,313,595
29.3293,310,596
29.345983333333336,307,596
29.36266666666667,303,596
29.379350000000002,300,596
29.396033333333335,295,597
29.412716666666668,292,597
29.4294,287,598
29.446083333333334,283,598
29.462766666666667,279,598
29.47945,274,598
29.496133333333336,270,599
29.51281666666667,265,598
29.529500000000002,261,599
29.546183333333335,257,599
29.562866666666668,252,599
29.579550000000005,248,599
29.596233333333334,243,600
29.612916666666667,238,600
29.6296,234,600
29.646283333333336,230,599
29.66296666666667,225,599
29.679650000000002,221,599
29.696333333333335,218,599
29.713016666666668,214,598
29.7297,211,598
29.746383333333334,207,598
29.763066666666667,205,598
29.77975,202,598
29.796433333333336,200,597
29.81311666666667,197,597
29.829800000000002,196,597
29.846483333333335,194,597
29.863166666666668,192,597
29.87985,191,597
29.896533333333334,191,597
29.913216666666667,190,596
29.9299,190,597
29.946583333333336,190,596
29.96326666666667,191,597
29.979950000000002,191,596
29.996633333333335,192,597
30.013316666666668,193,597
30.03,195,597
30.046683333333334,197,597
30.063366666666667,199,597
30.08005,201,597
30.096733333333336,204,598
30.11341666666667,207,598
30.130100000000002,210,598
30.146783333333335,213,598
30.163466666666668,217,598
30.18015,221,599
30.196833333333334,224,599
30.213516666666667,229,599
30.2302,233,599
30.246883333333336,237,599
30.26356666666667,241,599
30.280250000000002,246,599
30.296933333333335,250,599
30.313616666666668,255,598
30.3303,259,598
30.346983333333334,264,598
30.363666666666667,269,598
30.38035,273,597
30.397033333333336,277,597
30.41371666666667,282,596
30.430400000000002,286,596
30.447083333333335,290,595
30.463766666666665,294,595
30.48045,297,594
30.497133333333334,300,593
30.513816666666667,304,593
30.5305,307,593
30.547183333333336,309,592
30.56386666666667,311,592
30.580550000000002,313,591
30.597233333333335,315,591
30.613916666666668,317,591
30.6306,318,590
30.647283333333334,319,590
30.663966666666667,320,590
30.68065,320,590
30.697333333333336,321,590
30.71401666666667,320,590
30.730700000000002,320,590
30.747383333333335,319,590
30.76406666666667,318,590
30.78075,316,590
30.797433333333334,315,590
30.814116666666667,313,590
30.8308,311,590
30.847483333333336,308,590
30.86416666666667,305,591
30.880850000000002,302,591
30.897533333333335,299,591
30.91421666666667,296,592
30.9309,294,592
30.947583333333334,289,592
30.964266666666667,286,592
30.98095,282,592
30.997633333333336,278,593
31.01431666666667,274,593
31.031000000000002,270,593
31.047683333333335,265,593
31.06436666666667,261,593
31.08105,256,593
31.097733333333334,251,593
31.114416666666667,246,593
31.1311,242,593
31.147783333333336,237,593
31.16446666666667,232,592
31.181150000000002,228,592
31.197833333333335,224,592
31.214516666666672,220,592
31.2312,215,592
31.247883333333334,212,592
31.264566666666667,208,592
31.28125,204,591
31.297933333333336,202,591
31.31461666666667,198,591
31.331300000000002,196,591
31.347983333333335,193,590
31.36466666666667,191,590
31.38135,189,590
31.398033333333334,187,590
31.414716666666667,186,590
31.4314,185,590
31.448083333333336,184,589
31.46476666666667,184,589
31.481450000000002,183,589
31.498133333333335,183,589
31.51481666666667,184,589
31.5315,184,589
31.548183333333334,186,589
31.564866666666667,187,590
31.58155,189,590
31.598233333333337,191,590
31.61491666666667,193,590
31.631600000000002,196,590
31.648283333333335,199,590
31.66496666666667,202,590
31.68165,205,591
31.698333333333334,209,591
31.715016666666667,212,591
31.7317,216,591
31.748383333333337,220,592
31.76506666666667,224,592
31.781750000000002,229,592
31.798433333333335,233,592
31.81511666666667,237,592
31.8318,242,592
31.848483333333334,247,592
31.865166666666667,251,592
31.88185,256,592
31.898533333333337,260,592
31.91521666666667,265,592
31.931900000000002,269,592
31.948583333333335,273,591
31.965266666666672,278,591
31.98195,282,590
31.998633333333334,286,591
32.01531666666667,290,591
32.032000000000004,293,590
32.04868333333334,296,590
32.06536666666667,300,590
32.08205,303,589
32.098733333333335,306,589
32.11541666666667,308,589
32.1321,310,589
32.148783333333334,312,588
32.16546666666667,313,588
32.18215,314,588
32.19883333333333,315,588
32.215516666666666,316,588
32.2322,317,588
32.24888333333333,316,588
32.265566666666665,317,588
32.282250000000005,316,588
32.29893333333334,315,588
32.31561666666667,314,588
32.332300000000004,313,587
32.34898333333334,311,588
32.36566666666667,309,588
32.38235,307,589
32.399033333333335,305,588
32.41571666666667,302,589
32.4324,299,589
32.449083333333334,296,590
32.46576666666667,293,590
32.48245,290,591
32.49913333333333,286,591
32.515816666666666,282,592
32.5325,277,592
32.54918333333333,273,593
32.565866666666665,269,593
32.582550000000005,265,593
32.59923333333334,260,593
32.61591666666667,256,593
32.632600000000004,251,593
32.64928333333334,247,594
32.66596666666667,257,592
32.68265,237,594
32.699333333333335,233,594
32.71601666666667,229,594
32.7327,240,592
32.749383333333334,221,594
32.76606666666667,230,593
32.78275,226,592
32.79943333333333,223,592
32.816116666666666,219,592
32.8328,215,592
32.84948333333333,212,592
32.866166666666665,209,592
32.882850000000005,206,592
32.89953333333334,204,592
32.91621666666667,201,592
32.932900000000004,199,591
32.94958333333334,197,592
32.96626666666667,196,592
32.98295,195,592
32.999633333333335,195,592
33.01631666666667,194,592
33.033,194,592
33.049683333333334,194,592
33.06636666666667,196,592
33.08305,196,593
33.09973333333333,198,592
33.116416666666666,198,593
33.1331,200,593
33.14978333333333,201,593
33.166466666666665,203,594
33.183150000000005,205,594
33.19983333333334,209,594
33.21651666666667,211,595
33.233200000000004,217,595
33.24988333333334,219,595
33.26656666666667,225,595
33.28325,227,595
33.299933333333335,232,596
33.31661666666667,235,596
33.3333,239,596
33.349983333333334,242,596
33.36666666666667,247,597
33.38335,251,596
33.40003333333333,257,596
33.416716666666666,261,597
33.4334,266,597
33.45008333333333,270,597
33.466766666666665,274,596
33.483450000000005,278,596
33.50013333333334,283,596
33.51681666666667,287,596
33.5335,291,596
33.55018333333334,295,596
33.56686666666667,299,596
33.58355,302,595
33.600233333333335,305,595
33.61691666666667,308,595
33.6336,311,595
33.650283333333334,313,594
33.66696666666667,316,594
33.68365,317,594
33.70033333333333,319,594
33.717016666666666,321,594
33.7337,323,594
33.75038333333333,323,594
33.767066666666665,324,594
33.783750000000005,324,594
33.80043333333334,325,594
33.81711666666667,324,594
33.833800000000004,324,594
33.85048333333334,323,594
33.86716666666667,322,594
33.88385,320,595
33.900533333333335,319,594
33.91721666666667,317,595
33.9339,315,595
33.950583333333334,312,595
33.96726666666667,309,596
33.98395,306,596
34.00063333333333,304,596
34.017316666666666,300,597
34.034,296,597
34.05068333333333,292,597
34.067366666666665,289,597
34.084050000000005,284,597
34.10073333333334,280,598
34.11741666666667,276,597
34.134100000000004,272,598
34.15078333333334,267,598
34.16746666666667,263,598
34.18415,258,598
34.200833333333335,253,598
34.21751666666667,249,598
34.2342,244,598
34.250883333333334,240,598
34.26756666666667,235,598
34.28425,231,598
34.30093333333333,226,598
34.317616666666666,222,598
34.3343,218,598
34.35098333333333,215,598
34.367666666666665,211,597
34.384350000000005,207,597
34.40103333333334,204,597
34.417716666666664,201,597
34.434400000000004,198,596
34.45108333333334,196,596
34.46776666666667,194,596
34.48445,192,595
34.501133333333335,190,596
34.51781666666667,189,595
34.5345,188,595
34.551183333333334,187,595
34.56786666666667,186,595
34.58455,186,595
34.60123333333333,186,595
34.617916666666666,187,595
34.6346,188,595
34.65128333333333,188,595
34.667966666666665,190,595
34.684650000000005,192,595
34.70133333333334,194,595
34.71801666666667,195,596
34.734700000000004,198,596
34.75138333333334,201,596
34.76806666666667,206,595
34.78475,206,596
34.801433333333335,210,596
34.81811666666667,213,596
34.8348,218,596
34.851483333333334,220,596
34.86816666666667,224,597
34.88485,228,596
34.90153333333333,232,597
34.918216666666666,236,597
34.9349,240,596
34.95158333333333,245,596
34.968266666666665,249,596
34.984950000000005,253,596
35.00163333333334,257,596
35.01831666666667,261,596
35.03500000000001,265,596
35.05168333333334,269,596
35.06836666666667,273,596
35.08505,277,595
35.101733333333335,280,595
35.11841666666667,284,595
35.1351,287,595
35.151783333333334,290,594
35.16846666666667,293,593
35.18515,295,594
35.20183333333333,298,593
35.218516666666666,300,593
35.2352,302,593
35.25188333333333,304,592
35.268566666666665,306,592
35.285250000000005,306,592
35.30193333333334,307,592
35.31861666666667,308,592
35.335300000000004,309,592
35.35198333333334,308,592
35.36866666666667,308,592
35.38535,307,591
35.402033333333335,307,591
35.41871666666667,305,591
35.4354,304,591
35.452083333333334,302,592
35.46876666666667,300,592
35.48545,298,592
35.50213333333333,296,592
35.518816666666666,293,592
35.5355,293,591
35.55218333333333,288,592
35.568866666666665,286,592
35.585550000000005,280,593
35.60223333333334,278,592
35.61891666666667,272,593
35.635600000000004,271,593
35.65228333333334,264,593
35.66896666666667,263,594
35.68565,258,593
35.702333333333335,254,594
35.71901666666667,249,593
35.7357,245,594
35.752383333333334,241,594
35.76906666666667,235,593
35.78575,231,593
35.80243333333333,228,593
35.819116666666666,223,593
35.8358,219,593
35.85248333333333,215,593
35.869166666666665,212,593
35.885850000000005,208,593
35.90253333333334,205,593
35.91921666666668,201,593
35.935900000000004,198,593
35.95258333333334,195,592
35.98595,190,592
36.002633333333335,188,592
36.01931666666667,186,592
36.052683333333334,183,591
36.06936666666667,182,591
36.08605,181,592
36.119416666666666,180,591
36.15278333333333,193,592
36.169466666666665,180,592
36.186150000000005,181,592
36.20283333333334,182,592
36.21951666666667,182,592
36.25288333333334,186,593
36.40303333333333,213,594
36.45308333333333,225,594
36.51981666666667,242,595
36.536500000000004,246,594
36.55318333333334,250,595
36.56986666666667,255,594
36.58655,259,595
36.61991666666667,267,594
36.6366,271,594
36.653283333333334,274,594
36.66996666666667,278,594
36.68665,281,594
36.70333333333333,284,594
36.720016666666666,287,593
36.7367,290,593
36.75338333333333,292,593
36.770066666666665,295,593
36.786750000000005,296,592
36.80343333333333,298,592
36.82011666666667,300,591
36.836800000000004,301,592
36.85348333333334,301,591
36.88685,303,592
36.903533333333336,302,592
36.92021666666667,301,592
36.9369,301,592
36.953583333333334,300,592
36.97026666666667,298,592
36.98695,297,593
37.05368333333333,288,593
37.12041666666667,276,594
37.15378333333334,269,595
37.17046666666667,265,595
37.18715,261,595
37.253883333333334,245,596
37.320616666666666,240,597
37.370666666666665,228,598
37.387350000000005,224,598
37.40403333333334,220,597
37.42071666666668,217,597
37.437400000000004,213,597
37.45408333333334,210,597
37.47076666666667,207,597
37.48745,204,597
37.504133333333336,201,596
37.52081666666667,199,597
37.5375,196,596
37.554183333333334,194,596
37.57086666666667,193,596
37.58755,191,596
37.60423333333333,190,595
37.620916666666666,189,596
37.6376,188,596
37.65428333333333,188,596
37.670966666666665,188,596
37.687650000000005,188,596
37.72101666666667,189,596
37.737700000000004,189,596
37.75438333333334,191,596
37.77106666666667,192,596
37.78775,194,597
37.804433333333336,196,597
37.82111666666667,198,597
37.8378,201,597
37.854483333333334,203,597
38.18815,280,599
38.25488333333333,292,598
38.271566666666665,295,598
38.32161666666667,301,597
38.338300000000004,303,598
38.35498333333334,305,598
38.37166666666667,306,598
38.38835,307,598
38.405033333333336,308,599
38.42171666666667,309,598
38.4384,309,598
38.455083333333334,309,599
38.47176666666667,308,598
38.48845,308,599
38.521816666666666,306,599
38.55518333333333,303,599
38.588550000000005,299,600
38.65528333333334,289,602
38.72201666666667,275,603
38.755383333333334,268,604
38.78875,259,603
38.85548333333333,243,605
39.055683333333334,201,603
39.122416666666666,192,603
39.15578333333333,189,603
39.172466666666665,188,602
39.18915,187,603
39.22251666666667,198,603
39.239200000000004,186,603
39.25588333333334,187,603
39.27256666666667,199,603
39.28925,200,603
39.32261666666667,203,604
39.38935,211,604
39.656283333333334,259,606
39.723016666666666,275,605
39.75638333333333,282,605
39.789750000000005,288,604
39.839800000000004,296,603
39.85648333333334,299,603
39.88985,304,603
39.92321666666667,306,603
39.9399,308,603
39.956583333333334,308,603
39.97326666666667,309,603
39.98995,309,603
40.00663333333333,309,603
40.05668333333333,308,603
40.090050000000005,306,604
40.59055,214,606
40.65728333333333,193,604
40.72401666666667,188,605
40.77406666666667,187,604
40.79075,188,605
40.857483333333334,192,605
40.924216666666666,199,606
40.990950000000005,210,605
41.05768333333334,225,607
41.32461666666667,287,605
41.39135,298,604
41.42471666666667,303,604
41.4414,304,604
41.458083333333335,306,604
41.49145,308,604
41.50813333333333,308,603
41.524816666666666,309,603
41.591550000000005,308,603
41.62491666666667,306,603
41.65828333333334,304,604
41.7417,281,605
41.80843333333333,268,605
41.941900000000004,251,607
42.07536666666667,220,607
42.15878333333333,205,605
42.19215000000001,201,605
42.27556666666667,194,604
42.3423,194,604
42.40903333333333,198,604
42.609233333333336,220,605
42.67596666666667,236,605
42.70933333333333,244,605
42.7427,251,605
42.77606666666667,259,605
42.792750000000005,262,604
42.80943333333334,266,604
42.82611666666667,269,604
42.842800000000004,273,604
42.85948333333334,276,604
42.87616666666667,278,603
42.89285,282,603
42.909533333333336,285,603
42.92621666666667,288,603
42.9429,289,602
42.959583333333335,292,602
42.97626666666667,294,602
42.99295,296,601
43.00963333333333,297,601
43.026316666666666,299,602
43.043,300,601
43.05968333333333,300,601
43.076366666666665,300,601
43.093050000000005,301,601
43.10973333333334,301,601
43.12641666666667,301,601
43.143100000000004,299,601
43.15978333333334,300,601
43.17646666666667,296,601
43.19315,296,601
43.209833333333336,293,601
43.22651666666667,294,601
43.2432,290,602
43.259883333333335,288,602
43.27656666666667,285,602
43.29325,283,602
43.30993333333333,280,602
43.326616666666666,277,603
43.343300000000006,274,603
43.35998333333333,272,602
43.37666666666667,267,603
43.393350000000005,266,603
43.41003333333334,260,603
43.42671666666667,259,603
43.443400000000004,255,603
43.46008333333334,251,603
43.47676666666667,246,603
43.49345,243,603
43.510133333333336,239,604
43.52681666666667,234,604
43.5435,230,604
43.560183333333335,229,604
43.57686666666667,226,603
43.59355,219,604
43.61023333333333,220,604
43.626916666666666,217,603
43.6436,213,603
43.66028333333333,210,603
43.67696666666667,208,603
43.693650000000005,205,602
43.71033333333334,203,602
43.72701666666667,201,602
43.743700000000004,200,602
43.76038333333334,198,602
43.77706666666667,197,601
43.79375,195,601
43.810433333333336,195,601
43.82711666666667,194,601
43.8438,194,601
43.860483333333335,193,601
43.87716666666667,194,601
43.89385,194,601
43.91053333333333,194,601
43.927216666666666,195,601
43.9439,196,601
43.96058333333333,197,601
43.97726666666667,199,601
43.993950000000005,200,601
44.01063333333334,203,601
44.02731666666667,205,602
44.044000000000004,207,602
44.06068333333334,209,601
44.07736666666667,213,602
44.09405,216,602
44.110733333333336,220,602
44.12741666666667,223,602
44.1441,227,602
44.160783333333335,231,602
44.17746666666667,235,602
44.19415,238,602
44.21083333333333,242,602
44.22751666666666,246,602
44.2442,250,602
44.26088333333333,253,602
44.27756666666667,257,602
44.294250000000005,262,601
44.31093333333334,264,602
44.32761666666667,269,601
44.344300000000004,272,602
44.36098333333334,276,601
44.37766666666667,279,601
44.39435,283,601
44.411033333333336,287,601
44.42771666666667,290,600
44.4444,293,600
44.461083333333335,296,600
44.47776666666667,298,600
44.49445,301,600
44.51113333333333,303,600
44.527816666666666,305,599
44.5445,307,599
44.56118333333333,309,599
44.57786666666668,310,599
44.594550000000005,312,599
44.61123333333334,312,599
44.62791666666667,313,599
44.644600000000004,313,598
44.66128333333334,313,598
44.67796666666667,313,599
44.69465,313,599
44.711333333333336,312,599
44.72801666666667,311,598
44.7447,310,599
44.761383333333335,309,599
44.77806666666667,307,599
44.79475,305,599
44.81143333333333,303,600
44.828116666666666,301,600
44.844800000000006,298,600
44.86148333333333,296,600
44.87816666666667,293,600
44.894850000000005,290,601
44.91153333333334,287,601
44.92821666666667,284,601
44.944900000000004,280,601
44.96158333333334,277,601
44.97826666666667,273,601
44.99495,270,601
45.011633333333336,266,601
45.02831666666667,262,602
45.045,259,601
45.061683333333335,255,601
45.07836666666667,252,601
45.09505,248,601
45.11173333333333,245,601
45.128416666666666,241,601
45.1451,238,600
45.16178333333333,234,601
45.17846666666667,231,600
45.195150000000005,228,600
45.21183333333334,226,599
45.22851666666667,223,599
45.245200000000004,221,599
45.26188333333334,218,599
45.27856666666667,216,598
45.29525,215,598
45.311933333333336,213,598
45.32861666666667,212,598
45.3453,211,598
45.361983333333335,210,598
45.37866666666667,209,597
45.39535,209,597
45.41203333333333,209,597
45.428716666666666,209,597
45.4454,209,597
45.46208333333333,210,597
45.47876666666667,211,597
45.495450000000005,207,597
45.51213333333334,213,598
45.52881666666667,215,597
45.545500000000004,214,597
45.56218333333334,217,597
45.57886666666667,219,597
45.59555,223,597
45.612233333333336,222,597
45.62891666666667,225,597
45.6456,228,597
45.662283333333335,233,597
45.67896666666667,234,597
45.69565,238,597
45.71233333333333,242,598
45.72901666666666,246,598
45.7457,248,597
45.76238333333333,251,597
45.77906666666667,255,597
45.795750000000005,259,597
45.81243333333334,262,596
45.82911666666667,266,597
45.845800000000004,270,596
45.86248333333334,277,597
45.87916666666667,278,596
45.89585,283,596
45.912533333333336,287,595
45.92921666666667,291,595
45.9459,291,595
45.962583333333335,295,595
45.97926666666667,297,595
45.99595,302,594
46.01263333333333,304,594
46.029316666666666,309,593
46.046,311,593
46.06268333333333,313,592
46.07936666666667,314,593
46.096050000000005,317,592
46.11273333333334,318,592
46.12941666666667,320,592
46.146100000000004,319,592
46.16278333333334,321,592
46.17946666666667,321,592
46.19615,323,592
46.212833333333336,322,592
46.22951666666667,322,592
46.2462,320,592
46.262883333333335,321,592
46.27956666666667,319,593
46.29625,316,593
46.31293333333333,314,592
46.329616666666666,314,593
46.3463,312,592
46.36298333333333,310,593
46.37966666666667,306,592
46.396350000000005,304,593
46.41303333333334,300,593
46.42971666666667,297,593
46.446400000000004,293,593
46.46308333333334,291,593
46.47976666666667,287,593
46.49645,284,593
46.513133333333336,280,593
46.52981666666667,277,594
46.5465,273,594
46.563183333333335,269,594
46.57986666666667,265,594
46.59655,262,594
46.613233333333326,258,594
46.62991666666667,240,595
46.6466,236,595
46.66328333333333,247,593
46.67996666666667,243,593
46.696650000000005,239,593
46.71333333333334,236,593
46.73001666666667,233,592
46.746700000000004,216,593
46.76338333333334,226,592
46.78006666666667,210,593
46.79675,222,592
46.813433333333336,205,593
46.83011666666667,216,592
46.8468,215,592
46.863483333333335,214,591
46.88016666666667,198,592
46.89685,197,592
46.91353333333333,196,592
46.93021666666667,210,591
46.9469,195,592
46.96358333333333,195,591
46.98026666666667,209,591
46.996950000000005,210,591
47.01363333333334,210,591
47.03031666666667,211,591
47.047000000000004,212,591
47.06368333333334,215,590
47.08036666666667,202,591
47.09705,204,591
47.113733333333336,206,592
47.13041666666667,222,591
47.1471,211,592
47.163783333333335,214,592
47.18046666666667,217,592
47.19715,220,593
47.21383333333333,223,593
47.230516666666674,226,593
47.2472,230,593
47.26388333333333,233,593
47.28056666666667,237,593
47.297250000000005,241,593
47.31393333333334,245,593
47.33061666666667,248,593
47.347300000000004,252,593
47.36398333333334,256,593
47.38066666666667,260,592
47.39735,263,593
47.414033333333336,268,593
47.43071666666667,271,593
47.4474,275,592
47.464083333333335,278,592
47.48076666666667,282,592
47.49745,285,592
47.514133333333334,289,592
47.53081666666667,291,592
47.5475,295,592
47.56418333333333,297,591
47.58086666666667,300,591
47.597550000000005,302,591
47.61423333333334,304,590
47.63091666666667,306,590
47.647600000000004,308,590
47.66428333333334,309,590
47.68096666666667,310,590
47.69765,311,590
47.714333333333336,311,590
47.73101666666667,312,589
47.7477,312,589
47.764383333333335,312,589
47.78106666666667,311,589
47.79775,310,590
47.814433333333334,310,590
47.83111666666667,308,590
47.8478,307,590
47.86448333333333,305,590
47.88116666666667,304,591
47.897850000000005,301,591
47.91453333333334,299,591
47.93121666666667,296,591
47.947900000000004,293,591
47.96458333333334,290,591
47.98126666666667,287,592
47.99795,283,592
48.014633333333336,280,592
48.03131666666667,276,592
48.048,273,592
48.064683333333335,269,592
48.08136666666667,265,592
48.09805,261,592
48.11473333333334,257,592
48.13141666666667,253,592
48.1481,250,592
48.16478333333333,246,592
48.18146666666667,242,592
48.198150000000005,238,592
48.21483333333334,235,592
48.23151666666667,231,592
48.248200000000004,228,592
48.26488333333334,224,592
48.28156666666667,221,592
48.29825,218,592
48.314933333333336,216,592
48.33161666666667,213,591
48.3483,211,591
48.364983333333335,209,591
48.38166666666667,207,591
48.39835,205,590
48.415033333333334,204,591
48.43171666666667,202,590
48.4484,201,590
48.46508333333333,200,590
48.48176666666667,200,590
48.498450000000005,200,590
48.51513333333334,200,590
48.53181666666667,200,589
48.548500000000004,201,590
48.56518333333334,202,590
48.58186666666667,203,590
48.59855,204,590
48.615233333333336,206,590
48.63191666666667,207,590
48.6486,209,590
48.665283333333335,211,590
48.68196666666667,214,590
48.69865,216,590
48.715333333333334,219,591
48.73201666666667,222,590
48.7487,225,591
48.76538333333333,228,591
48.78206666666667,232,591
48.798750000000005,235,591
48.81543333333334,239,591
48.83211666666667,242,591
48.848800000000004,246,591
48.86548333333334,250,591
48.88216666666667,254,591
48.89885,257,592
48.915533333333336,261,591
48.93221666666667,264,591
48.9489,269,591
48.965583333333335,272,591
48.98226666666667,276,591
48.998949999999994,279,591
49.015633333333334,283,591
49.03231666666667,286,590
49.049,290,591
49.06568333333333,293,590
49.08236666666667,296,590
49.099050000000005,299,590
49.11573333333334,302,590
49.13241666666667,304,590
49.149100000000004,306,589
49.16578333333334,307,589
49.18246666666667,310,589
49.19915,311,589
49.215833333333336,313,589
49.23251666666667,314,589
49.2492,314,589
49.265883333333335,314,590
49.28256666666667,314,590
49.29925,314,590
49.315933333333334,315,590
49.33261666666667,314,590
49.3493,314,590
49.36598333333333,313,591
49.38266666666667,312,591
49.399350000000005,310,591
49.41603333333334,309,591
49.43271666666667,307,591
49.449400000000004,305,592
49.46608333333334,301,592
49.48276666666667,300,592
49.49945,297,592
49.516133333333336,294,592
49.53281666666667,291,593
49.5495,288,593
49.566183333333335,285,593
49.58286666666667,281,593
49.59955,277,593
49.61623333333334,274,593
49.63291666666667,271,593
49.6496,267,594
49.66628333333333,263,594
49.68296666666667,260,594
49.699650000000005,256,594
49.71633333333334,252,594
49.73301666666667,248,594
49.749700000000004,245,594
49.76638333333334,242,594
49.78306666666667,239,594
49.79975,235,594
49.816433333333336,232,594
49.83311666666667,229,594
49.8498,226,594
49.866483333333335,224,593
49.88316666666667,221,593
49.89985,219,593
49.916533333333334,217,593
49.93321666666667,216,592
49.9499,214,593
49.96658333333333,213,592
49.98326666666667,211,593
49.999950000000005,211,592
50.01663333333334,210,593
50.03331666666667,209,592
50.050000000000004,209,592
50.06668333333334,209,592
50.08336666666667,209,593
50.10005,210,592
50.116733333333336,211,593
50.13341666666667,212,592
50.1501,213,593
50.166783333333335,214,593
50.18346666666667,216,593
50.20015,218,593
50.216833333333334,220,594
50.23351666666667,223,593
50.2502,225,594
50.26688333333333,228,594
50.28356666666667,231,594
50.300250000000005,234,594
50.31693333333334,237,594
50.33361666666667,240,594
50.350300000000004,243,595
50.36698333333334,247,595
50.38366666666667,250,594
50.40035,253,594
50.417033333333336,257,594
50.43371666666667,261,594
50.4504,264,595
50.467083333333335,267,594
50.48376666666667,271,594
50.500449999999994,274,594
50.517133333333334,278,594
50.53381666666667,281,594
50.5505,285,594
50.56718333333333,288,594
50.58386666666667,291,594
50.600550000000005,293,594
50.61723333333334,297,593
50.63391666666667,299,594
50.650600000000004,302,593
50.66728333333334,304,593
50.68396666666667,306,593
50.70065,308,593
50.717333333333336,310,593
50.73401666666667,311,593
50.7507,313,593
50.767383333333335,314,593
50.78406666666667,314,593
50.80075,314,593
50.817433333333334,315,593
50.83411666666667,315,593
50.8508,315,593
50.86748333333333,314,593
50.88416666666667,314,593
50.900850000000005,313,594
50.91753333333334,311,594
50.93421666666667,310,594
50.950900000000004,308,594
50.96758333333334,306,594
50.98426666666667,304,594
51.00095,302,595
51.017633333333336,299,595
51.03431666666667,297,595
51.051,294,595
51.067683333333335,291,596
51.08436666666667,289,596
51.10105,285,596
51.117733333333334,282,596
51.13441666666667,278,597
51.1511,275,597
51.16778333333333,272,597
51.18446666666667,268,597
51.201150000000005,264,597
51.21783333333334,261,598
51.23451666666667,257,598
51.251200000000004,254,598
51.26788333333334,250,598
51.28456666666667,246,598
51.30125,243,598
51.317933333333336,240,598
51.33461666666667,236,598
51.3513,234,598
51.367983333333335,231,598
51.38466666666666,228,598
51.40135,225,598
51.418033333333334,223,598
51.43471666666667,220,598
51.4514,218,598
51.46808333333333,216,598
51.48476666666667,214,598
51.501450000000006,212,598
51.51813333333334,211,598
51.53481666666667,210,598
51.551500000000004,208,598
51.56818333333334,208,598
51.58486666666667,207,598
51.60155,207,598
51.618233333333336,207,598
51.63491666666667,207,598
51.6516,208,598
51.668283333333335,209,598
51.68496666666667,209,598
51.70165,211,599
51.718333333333334,212,599
51.73501666666667,214,599
51.7517,216,599
51.76838333333333,218,599
51.78506666666667,220,599
51.801750000000006,222,599
51.81843333333334,225,599
51.83511666666667,228,600
51.851800000000004,231,600
51.86848333333334,233,600
51.88516666666667,236,600
51.90185,239,600
51.918533333333336,242,600
51.93521666666667,246,600
51.9519,249,600
51.968583333333335,253,600
51.98526666666667,256,600
52.00195000000001,259,600
52.018633333333334,263,601
52.03531666666667,267,601
52.052,270,600
52.06868333333333,272,600
52.08536666666667,276,600
52.102050000000006,279,600
52.11873333333334,282,600
52.13541666666667,285,600
52.152100000000004,288,600
52.16878333333334,290,600
52.18546666666667,293,600
52.20215,295,599
52.218833333333336,298,599
52.23551666666667,299,599
52.2522,303,599
52.268883333333335,303,599
52.28556666666667,305,599
52.30225,306,599
52.318933333333334,307,599
52.33561666666667,307,599
52.3523,307,599
52.36898333333333,307,599
52.38566666666667,308,600
52.402350000000006,307,600
52.41903333333334,307,600
52.43571666666667,307,600
52.452400000000004,306,600
52.46908333333334,304,600
52.48576666666667,303,601
52.50245,301,601
52.519133333333336,300,601
52.53581666666667,297,601
52.5525,295,602
52.569183333333335,293,602
52.58586666666667,290,602
52.60255,287,602
52.619233333333334,284,603
52.63591666666667,281,603
52.6526,278,603
52.66928333333333,274,603
52.68596666666667,271,603
52.702650000000006,267,603
52.71933333333334,265,604
52.73601666666667,261,604
52.752700000000004,258,604
52.76938333333334,254,604
52.78606666666667,250,604
52.80275,247,604
52.819433333333336,245,604
52.83611666666667,241,604
52.8528,238,604
52.869483333333335,235,603
52.886166666666675,231,603
52.90285,228,603
52.919533333333334,225,603
52.93621666666667,223,603
52.9529,220,602
52.96958333333333,218,602
52.98626666666667,215,602
53.002950000000006,213,602
53.01963333333334,211,602
53.03631666666667,210,602
53.053000000000004,208,602
53.06968333333334,207,601
53.08636666666667,206,601
53.10305,205,601
53.119733333333336,204,601
53.13641666666667,204,601
53.1531,204,601
53.169783333333335,204,601
53.18646666666667,204,600
53.20315,204,600
53.219833333333334,206,600
53.23651666666667,206,600
53.2532,208,600
53.26988333333333,209,600
53.28656666666667,211,600
53.303250000000006,212,600
53.31993333333334,214,600
53.33661666666667,216,600
53.353300000000004,219,600
53.36998333333334,221,600
53.38666666666667,224,600
53.40335,226,600
53.420033333333336,230,600
53.43671666666667,233,600
53.4534,236,600
53.470083333333335,239,600
53.48676666666667,243,600
53.50345,246,600
53.520133333333334,250,600
53.53681666666667,253,600
53.5535,257,600
53.57018333333333,259,600
53.58686666666667,263,600
53.603550000000006,266,599
53.62023333333334,269,599
53.63691666666667,273,599
53.653600000000004,276,599
53.67028333333334,279,598
53.68696666666667,281,598
53.70365,283,598
53.720333333333336,287,597
53.73701666666667,289,597
53.7537,292,597
53.77038333333333,293,597
53.78706666666667,296,596
53.80375,297,596
53.820433333333334,299,596
53.83711666666667,300,596
53.8538,302,596
53.87048333333333,303,596
53.88716666666667,303,596
53.903850000000006,303,596
53.92053333333334,304,596
53.93721666666667,304,596
53.953900000000004,304,596
53.97058333333334,303,596
53.98726666666667,303,596
54.00395,302,596
54.020633333333336,300,596
54.03731666666667,299,596
54.054,298,596
54.070683333333335,296,596
54.08736666666667,294,596
54.10405,291,596
54.120733333333334,289,596
54.13741666666667,287,596
54.1541,284,597
54.17078333333333,281,597
54.18746666666667,278,597
54.204150000000006,275,597
54.22083333333334,272,597
54.23751666666667,268,597
54.254200000000004,266,597
54.27088333333334,262,597
54.28756666666667,259,597
54.30425,255,596
54.320933333333336,252,597
54.33761666666667,248,597
54.3543,245,597
54.370983333333335,241,596
54.387666666666675,238,597
54.40435,235,597
54.421033333333334,231,597
54.43771666666667,228,596
54.4544,225,596
54.47108333333333,222,596
54.48776666666667,220,596
54.504450000000006,217,596
54.52113333333334,214,596
54.53781666666667,212,596
54.554500000000004,210,596
54.57118333333334,208,595
54.58786666666667,206,595
54.60455,205,595
54.621233333333336,204,595
54.63791666666667,202,595
54.6546,201,595
54.671283333333335,201,595
54.68796666666667,200,595
54.70465,200,595
54.721333333333334,200,595
54.73801666666667,200,595
54.7547,201,595
54.77138333333333,202,594
54.78806666666667,203,595
54.804750000000006,204,595
54.82143333333334,205,595
54.83811666666667,207,595
54.854800000000004,209,595
54.87148333333334,211,595
54.88816666666667,213,596
54.90485,216,595
54.921533333333336,218,596
54.93821666666667,221,596
54.9549,224,596
54.971583333333335,226,596
54.98826666666667,230,596
55.00495,233,596
55.021633333333334,236,596
55.03831666666667,239,596
55.055,242,597
55.07168333333333,246,597
55.08836666666667,249,597
55.105050000000006,252,597
55.12173333333334,256,597
55.13841666666667,259,596
55.155100000000004,263,596
55.17178333333334,265,596
55.18846666666667,269,596
55.20515,272,596
55.221833333333336,275,596
55.23851666666667,277,596
55.2552,280,596
55.27188333333333,282,596
55.28856666666667,285,596
55.30525,287,596
55.321933333333334,289,596
55.33861666666667,291,596
55.3553,293,596
55.37198333333333,294,596
55.38866666666667,296,595
55.405350000000006,297,595
55.42203333333334,298,595
55.43871666666667,299,595
55.455400000000004,299,595
55.47208333333334,299,595
55.48876666666667,299,595
55.50545,299,595
55.522133333333336,299,595
55.53881666666667,298,595
55.5555,297,595
55.572183333333335,296,596
55.58886666666667,295,596
55.60555,293,596
55.622233333333334,291,596
55.63891666666667,289,596
55.6556,287,596
55.67228333333333,284,596
55.68896666666667,282,597
55.705650000000006,279,597
55.72233333333334,276,597
55.73901666666667,273,597
55.755700000000004,270,597
55.77238333333334,267,598
55.78906666666667,264,598
55.80575,260,598
55.822433333333336,257,598
55.83911666666667,253,598
55.8558,250,598
55.872483333333335,246,598
55.88916666666667,243,598
55.90585,239,598
55.922533333333334,236,597
55.93921666666667,232,597
55.9559,230,597
55.97258333333333,227,597
55.98926666666667,224,597
56.005950000000006,221,597
56.02263333333334,218,597
56.03931666666667,215,597
56.056000000000004,213,597
56.07268333333334,211,596
56.08936666666667,208,597
56.10605,206,596
56.122733333333336,205,596
56.13941666666667,203,596
56.156099999999995,202,596
56.172783333333335,201,596
56.18946666666667,200,595
56.20615,213,594
56.222833333333334,199,595
56.23951666666667,198,595
56.2562,199,595
56.27288333333333,212,594
56.28956666666667,199,595
56.306250000000006,200,595
56.32293333333334,201,595
56.33961666666667,216,594
56.356300000000005,217,594
56.37298333333334,219,595
56.38966666666667,207,596
56.40635,209,596
56.423033333333336,211,596
56.43971666666667,213,596
56.4564,215,596
56.473083333333335,231,595
56.48976666666667,220,597
56.50645,223,597
56.523133333333334,226,597
56.53981666666667,243,595
56.5565,232,597
56.57318333333333,249,595
56.58986666666667,252,595
56.606550000000006,255,595
56.62323333333334,258,595
56.63991666666667,261,596
56.656600000000005,251,597
56.67328333333334,268,595
56.68996666666667,270,595
56.70665,274,595
56.723333333333336,277,595
56.74001666666667,281,595
56.7567,283,594
56.77338333333334,272,596
56.79006666666667,275,596
56.80675,292,594
56.823433333333334,280,596
56.84011666666667,297,594
56.8568,285,596
56.87348333333333,301,593
56.89016666666667,289,595
56.906850000000006,305,593
56.92353333333334,292,595
56.94021666666667,308,593
56.956900000000005,309,593
56.97358333333334,310,593
56.99026666666667,310,592
57.00695,311,593
57.023633333333336,311,593
57.04031666666667,311,593
57.057,310,593
57.073683333333335,311,593
57.09036666666667,309,593
57.10705,308,593
57.123733333333334,306,594
57.14041666666667,306,593
57.1571,304,594
57.17378333333333,303,593
57.19046666666667,300,593
57.207150000000006,298,594
57.22383333333334,295,594
57.24051666666667,292,594
57.257200000000005,290,594
57.27388333333334,288,595
57.29056666666667,284,594
57.30725,282,595
57.323933333333336,279,595
57.34061666666667,276,595
57.3573,272,595
57.373983333333335,269,595
57.39066666666667,265,595
57.40735,263,594
57.424033333333334,258,595
57.44071666666667,255,595
57.4574,252,594
57.47408333333333,249,594
57.49076666666667,245,595
57.507450000000006,241,595
57.52413333333334,239,594
57.54081666666667,236,594
57.557500000000005,233,595
57.57418333333334,230,594
57.59086666666667,228,594
57.60755,225,594
57.624233333333336,222,594
57.64091666666667,220,594
57.65760000000001,218,593
57.674283333333335,218,594
57.69096666666667,215,594
57.70765,214,593
57.724333333333334,212,593
57.74101666666667,215,593
57.7577,214,593
57.77438333333333,214,593
57.79106666666667,210,593
57.807750000000006,210,593
57.82443333333334,209,593
57.84111666666667,209,593
57.857800000000005,209,593
57.87448333333334,211,593
57.89116666666667,211,593
57.90785,216,593
57.924533333333336,217,594
57.94121666666667,219,593
57.9579,217,594
57.974583333333335,222,593
57.99126666666667,222,593
58.00795,226,593
58.024633333333334,229,594
58.04131666666667,232,594
58.058,234,594
58.07468333333333,236,593
58.09136666666667,239,594
58.108050000000006,241,594
58.12473333333334,242,594
58.14141666666667,248,594
58.158100000000005,250,594
58.17478333333334,251,594
58.19146666666667,254,594
58.20815,260,594
58.224833333333336,263,594
58.24151666666667,265,594
58.2582,268,594
58.274883333333335,271,594
58.29156666666667,274,594
58.30825,276,594
58.324933333333334,279,594
58.34161666666667,281,593
58.3583,284,593
58.37498333333333,286,593
58.39166666666667,289,593
58.408350000000006,291,593
58.42503333333334,293,593
58.44171666666667,295,592
58.458400000000005,296,591
58.47508333333334,298,592
58.49176666666667,299,592
58.50845,300,591
58.525133333333336,301,592
58.54181666666666,301,592
58.5585,301,591
58.575183333333335,301,591
58.59186666666667,301,592
58.60855,300,591
58.625233333333334,299,591
58.64191666666667,298,591
58.6586,297,591
58.67528333333333,296,591
58.69196666666667,294,591
58.708650000000006,292,591
58.72533333333334,290,591
58.74201666666667,288,591
58.758700000000005,286,591
58.77538333333334,283,591
58.79206666666667,280,592
58.80875,277,591
58.825433333333336,274,592
58.84211666666667,271,592
58.8588,268,592
58.875483333333335,264,592
58.89216666666667,261,592
58.90885,258,592
58.925533333333334,254,592
58.94221666666667,251,592
58.9589,248,592
58.97558333333333,244,592
58.99226666666667,241,592
59.008950000000006,237,592
59.02563333333334,234,592
59.04231666666667,231,592
59.059000000000005,228,591
59.07568333333334,224,591
59.09236666666667,221,591
59.10905,218,591
59.125733333333336,216,591
59.14241666666667,213,590
59.15910000000001,211,591
59.175783333333335,209,590
59.19246666666667,207,590
59.20915,205,589
59.225833333333334,204,589
59.24251666666667,202,589
59.2592,201,589
59.27588333333333,200,589
59.29256666666667,199,589
59.309250000000006,198,589
59.32593333333334,199,589
59.34261666666667,197,589
59.359300000000005,200,589
59.37598333333334,199,589
59.39266666666667,200,589
59.40935,197,589
59.426033333333336,201,589
59.44271666666667,199,589
59.4594,203,589
59.476083333333335,202,590
59.49276666666667,206,589
59.50945,207,589
59.526133333333334,207,590
59.54281666666667,209,590
59.5595,211,590
59.57618333333333,215,590
59.59286666666667,218,590
59.609550000000006,220,590
59.62623333333334,221,591
59.64291666666667,226,591
59.659600000000005,228,591
59.67628333333334,231,591
59.69296666666667,231,591
59.70965,237,591
59.726333333333336,237,592
59.74301666666667,240,592
59.7597,243,591
59.776383333333335,248,591
59.79306666666667,249,591
59.80975,251,591
59.826433333333334,254,591
59.84311666666667,257,591
59.8598,259,591
59.87648333333333,262,591
59.89316666666667,264,591
59.909850000000006,267,591
59.92653333333334,269,591
59.94321666666667,271,590
59.959900000000005,272,590
59.97658333333334,274,590
59.99326666666667,275,590
60.00995,277,590
60.026633333333336,278,590
60.04331666666666,279,590
60.06,279,590
60.076683333333335,280,590
60.09336666666667,280,589
60.11005,280,590
60.126733333333334,280,589
60.14341666666667,280,590
60.1601,279,590
60.17678333333333,278,590
60.19346666666667,277,590
60.210150000000006,277,591
60.22683333333334,275,590
60.24351666666667,273,591
60.260200000000005,271,591
60.27688333333334,269,591
60.29356666666667,267,591
60.31025,265,591
60.326933333333336,263,591
60.34361666666667,262,590
60.3603,257,591
60.376983333333335,254,591
60.39366666666667,251,591
60.41035,248,592
60.427033333333334,245,591
60.44371666666667,245,591
60.4604,241,591
60.47708333333333,238,591
60.49376666666667,233,591
